-- phpMyAdmin SQL Dump
-- version 5.2.0
-- https://www.phpmyadmin.net/
--
-- Host: 127.0.0.1
-- Generation Time: Apr 12, 2023 at 09:32 AM
-- Server version: 10.4.27-MariaDB
-- PHP Version: 8.1.12

SET SQL_MODE = "NO_AUTO_VALUE_ON_ZERO";
START TRANSACTION;
SET time_zone = "+00:00";


/*!40101 SET @OLD_CHARACTER_SET_CLIENT=@@CHARACTER_SET_CLIENT */;
/*!40101 SET @OLD_CHARACTER_SET_RESULTS=@@CHARACTER_SET_RESULTS */;
/*!40101 SET @OLD_COLLATION_CONNECTION=@@COLLATION_CONNECTION */;
/*!40101 SET NAMES utf8mb4 */;

--
-- Database: `toko`
--

-- --------------------------------------------------------

--
-- Table structure for table `kategori_produk`
--

CREATE TABLE `kategori_produk` (
  `id` int(11) NOT NULL,
  `nama` varchar(45) NOT NULL
) ENGINE=InnoDB DEFAULT CHARSET=utf8 COLLATE=utf8_general_ci;

--
-- Dumping data for table `kategori_produk`
--

INSERT INTO `kategori_produk` (`id`, `nama`) VALUES
(1, 'Elektronik'),
(2, 'Furniture'),
(3, 'Makanan'),
(4, 'Minuman'),
(17, 'Oralit');

-- --------------------------------------------------------

--
-- Table structure for table `pesanan`
--

CREATE TABLE `pesanan` (
  `id` int(11) NOT NULL,
  `tanggal` date NOT NULL,
  `nama_pemesan` varchar(45) NOT NULL,
  `alamat_pemesan` varchar(45) NOT NULL,
  `no_hp` varchar(20) NOT NULL,
  `email` varchar(45) NOT NULL,
  `jumlah_pesanan` int(11) NOT NULL,
  `deskripsi` text NOT NULL,
  `produk_id` int(11) NOT NULL
) ENGINE=InnoDB DEFAULT CHARSET=utf8 COLLATE=utf8_general_ci;

--
-- Dumping data for table `pesanan`
--

INSERT INTO `pesanan` (`id`, `tanggal`, `nama_pemesan`, `alamat_pemesan`, `no_hp`, `email`, `jumlah_pesanan`, `deskripsi`, `produk_id`) VALUES
(1, '2023-04-08', 'Abdurrahman Ziyad', 'Depok', '082094374577', 'ziyad@gmail.com', 2, 'Pesanan Meja Belajar', 2),
(2, '2023-04-10', 'rensu', 'asdasdas', '082218880229', 'nosaputra62@gmail.com', 1, 'asdasdasdasd', 3),
(11, '2023-04-20', 'Bedu ', 'Bantar Gebang', '08224154854', 'sarutobi.stormrage@gmail.com', 2, 'packing yang rapih bro', 2),
(12, '2023-04-13', 'Bedu ', 'Bantar Gebang', '08224154854', 'sarutobi.stormrage@gmail.com', 2, 'packing yang rapih bro', 2);

-- --------------------------------------------------------

--
-- Table structure for table `produk`
--

CREATE TABLE `produk` (
  `id` int(11) NOT NULL,
  `kode` varchar(45) NOT NULL,
  `nama` varchar(45) NOT NULL,
  `harga_jual` double NOT NULL,
  `harga_beli` double NOT NULL,
  `stok` int(11) NOT NULL,
  `min_stok` int(11) NOT NULL,
  `deskripsi` text NOT NULL,
  `kategori_produk_id` int(11) NOT NULL
) ENGINE=InnoDB DEFAULT CHARSET=utf8 COLLATE=utf8_general_ci;

--
-- Dumping data for table `produk`
--

INSERT INTO `produk` (`id`, `kode`, `nama`, `harga_jual`, `harga_beli`, `stok`, `min_stok`, `deskripsi`, `kategori_produk_id`) VALUES
(2, 'MB01', 'Meja Belajar', 2000000, 1500000, 6, 2, 'Meja yang difungsikan untuk membaca, menulis, dan yang pasti untuk belajar.', 2),
(3, 'CG02', 'Seblak Pedas Gurih', 20000, 15000, 100, 10, 'Seblak Pedas Gurih yang enak dimakan panas panas', 3),
(24, 'TA56', 'Indomie Samyang Spesial', 10000, 5000, 200, 10, 'Lezat bergizi paling enak dimakan dengan nasi hangat menambah karbohidrat anda semakin banyak bikin cepet diabetes', 3),
(25, 'BG23', 'Tenga', 70000, 60000, 20, 1, 'Alat bantu Seksual yang bisa membuat Pria tambah banyak dosa karena kebanyakan masturbasi', 1),
(26, 'BJ69', 'Iphone 15 pro max', 25000000, 20000000, 20, 1, 'Iphone paling canggih saat ini, dengan fitur yang bisa dibilang kencang dengan chip terbaru apple a20+ bionic twister cyclone magnum TRF membuat kecepatanya wush wush kayak motovlogger disalip bocah alay', 1),
(27, 'hj89', 'Samsung Galaxy S70 Ultra', 250000000, 12000000, 20, 12, 'Saingan dari Iphone 15 pro max dengan chipset snapdragon 9 gen 4 menjadikan chipset apple a20+ bionic seperti chipset ecek ecek yang tidak berguna', 1);

--
-- Indexes for dumped tables
--

--
-- Indexes for table `kategori_produk`
--
ALTER TABLE `kategori_produk`
  ADD PRIMARY KEY (`id`),
  ADD UNIQUE KEY `nama_UNIQUE` (`nama`);

--
-- Indexes for table `pesanan`
--
ALTER TABLE `pesanan`
  ADD PRIMARY KEY (`id`),
  ADD UNIQUE KEY `kode_UNIQUE` (`tanggal`),
  ADD KEY `fk_pesanan_produk1_idx` (`produk_id`);

--
-- Indexes for table `produk`
--
ALTER TABLE `produk`
  ADD PRIMARY KEY (`id`),
  ADD UNIQUE KEY `kode_UNIQUE` (`kode`),
  ADD KEY `fk_produk_kategori_produk_idx` (`kategori_produk_id`);

--
-- AUTO_INCREMENT for dumped tables
--

--
-- AUTO_INCREMENT for table `kategori_produk`
--
ALTER TABLE `kategori_produk`
  MODIFY `id` int(11) NOT NULL AUTO_INCREMENT, AUTO_INCREMENT=25;

--
-- AUTO_INCREMENT for table `pesanan`
--
ALTER TABLE `pesanan`
  MODIFY `id` int(11) NOT NULL AUTO_INCREMENT, AUTO_INCREMENT=13;

--
-- AUTO_INCREMENT for table `produk`
--
ALTER TABLE `produk`
  MODIFY `id` int(11) NOT NULL AUTO_INCREMENT, AUTO_INCREMENT=28;

--
-- Constraints for dumped tables
--

--
-- Constraints for table `pesanan`
--
ALTER TABLE `pesanan`
  ADD CONSTRAINT `fk_pesanan_produk1` FOREIGN KEY (`produk_id`) REFERENCES `produk` (`id`) ON DELETE NO ACTION ON UPDATE NO ACTION;

--
-- Constraints for table `produk`
--
ALTER TABLE `produk`
  ADD CONSTRAINT `fk_produk_kategori_produk` FOREIGN KEY (`kategori_produk_id`) REFERENCES `kategori_produk` (`id`) ON DELETE NO ACTION ON UPDATE NO ACTION;
COMMIT;

/*!40101 SET CHARACTER_SET_CLIENT=@OLD_CHARACTER_SET_CLIENT */;
/*!40101 SET CHARACTER_SET_RESULTS=@OLD_CHARACTER_SET_RESULTS */;
/*!40101 SET COLLATION_CONNECTION=@OLD_COLLATION_CONNECTION */;
